
/*pokemon*/
INSERT INTO `pokemon_t` (`pokemon_id`,`pokemon_name`,`pokemon_species_id`,`pokemon_height`,`pokemon_weight`,`pokemon_base_exp`) VALUES (1,'bulbasaur',1,7,69,64);
INSERT INTO `pokemon_t` (`pokemon_id`,`pokemon_name`,`pokemon_species_id`,`pokemon_height`,`pokemon_weight`,`pokemon_base_exp`) VALUES (2,'ivysaur',2,10,130,142);
INSERT INTO `pokemon_t` (`pokemon_id`,`pokemon_name`,`pokemon_species_id`,`pokemon_height`,`pokemon_weight`,`pokemon_base_exp`) VALUES (3,'venusaur',3,20,1000,236);
INSERT INTO `pokemon_t` (`pokemon_id`,`pokemon_name`,`pokemon_species_id`,`pokemon_height`,`pokemon_weight`,`pokemon_base_exp`) VALUES (4,'charmander',4,6,85,62);
INSERT INTO `pokemon_t` (`pokemon_id`,`pokemon_name`,`pokemon_species_id`,`pokemon_height`,`pokemon_weight`,`pokemon_base_exp`) VALUES (5,'charmeleon',5,11,190,142);
INSERT INTO `pokemon_t` (`pokemon_id`,`pokemon_name`,`pokemon_species_id`,`pokemon_height`,`pokemon_weight`,`pokemon_base_exp`) VALUES (6,'charizard',6,17,905,240);
INSERT INTO `pokemon_t` (`pokemon_id`,`pokemon_name`,`pokemon_species_id`,`pokemon_height`,`pokemon_weight`,`pokemon_base_exp`) VALUES (7,'squirtle',7,5,90,63);
INSERT INTO `pokemon_t` (`pokemon_id`,`pokemon_name`,`pokemon_species_id`,`pokemon_height`,`pokemon_weight`,`pokemon_base_exp`) VALUES (8,'wartortle',8,10,225,142);
INSERT INTO `pokemon_t` (`pokemon_id`,`pokemon_name`,`pokemon_species_id`,`pokemon_height`,`pokemon_weight`,`pokemon_base_exp`) VALUES (9,'blastoise',9,16,855,239);
INSERT INTO `pokemon_t` (`pokemon_id`,`pokemon_name`,`pokemon_species_id`,`pokemon_height`,`pokemon_weight`,`pokemon_base_exp`) VALUES (10,'caterpie',10,3,29,39);
INSERT INTO `pokemon_t` (`pokemon_id`,`pokemon_name`,`pokemon_species_id`,`pokemon_height`,`pokemon_weight`,`pokemon_base_exp`) VALUES (11,'metapod',11,7,99,72);
INSERT INTO `pokemon_t` (`pokemon_id`,`pokemon_name`,`pokemon_species_id`,`pokemon_height`,`pokemon_weight`,`pokemon_base_exp`) VALUES (12,'butterfree',12,11,320,178);
INSERT INTO `pokemon_t` (`pokemon_id`,`pokemon_name`,`pokemon_species_id`,`pokemon_height`,`pokemon_weight`,`pokemon_base_exp`) VALUES (13,'weedle',13,3,32,39);
INSERT INTO `pokemon_t` (`pokemon_id`,`pokemon_name`,`pokemon_species_id`,`pokemon_height`,`pokemon_weight`,`pokemon_base_exp`) VALUES (14,'kakuna',14,6,100,72);
INSERT INTO `pokemon_t` (`pokemon_id`,`pokemon_name`,`pokemon_species_id`,`pokemon_height`,`pokemon_weight`,`pokemon_base_exp`) VALUES (15,'beedrill',15,10,295,178);
INSERT INTO `pokemon_t` (`pokemon_id`,`pokemon_name`,`pokemon_species_id`,`pokemon_height`,`pokemon_weight`,`pokemon_base_exp`) VALUES (16,'pidgey',16,3,18,50);
INSERT INTO `pokemon_t` (`pokemon_id`,`pokemon_name`,`pokemon_species_id`,`pokemon_height`,`pokemon_weight`,`pokemon_base_exp`) VALUES (17,'pidgeotto',17,11,300,122);
INSERT INTO `pokemon_t` (`pokemon_id`,`pokemon_name`,`pokemon_species_id`,`pokemon_height`,`pokemon_weight`,`pokemon_base_exp`) VALUES (18,'pidgeot',18,15,395,216);
INSERT INTO `pokemon_t` (`pokemon_id`,`pokemon_name`,`pokemon_species_id`,`pokemon_height`,`pokemon_weight`,`pokemon_base_exp`) VALUES (19,'rattata',19,3,35,51);
INSERT INTO `pokemon_t` (`pokemon_id`,`pokemon_name`,`pokemon_species_id`,`pokemon_height`,`pokemon_weight`,`pokemon_base_exp`) VALUES (20,'raticate',20,7,185,145);
INSERT INTO `pokemon_t` (`pokemon_id`,`pokemon_name`,`pokemon_species_id`,`pokemon_height`,`pokemon_weight`,`pokemon_base_exp`) VALUES (21,'spearow',21,3,20,52);
INSERT INTO `pokemon_t` (`pokemon_id`,`pokemon_name`,`pokemon_species_id`,`pokemon_height`,`pokemon_weight`,`pokemon_base_exp`) VALUES (22,'fearow',22,12,380,155);
INSERT INTO `pokemon_t` (`pokemon_id`,`pokemon_name`,`pokemon_species_id`,`pokemon_height`,`pokemon_weight`,`pokemon_base_exp`) VALUES (23,'ekans',23,20,69,58);
INSERT INTO `pokemon_t` (`pokemon_id`,`pokemon_name`,`pokemon_species_id`,`pokemon_height`,`pokemon_weight`,`pokemon_base_exp`) VALUES (24,'arbok',24,35,650,153);
INSERT INTO `pokemon_t` (`pokemon_id`,`pokemon_name`,`pokemon_species_id`,`pokemon_height`,`pokemon_weight`,`pokemon_base_exp`) VALUES (25,'pikachu',25,4,60,112);
INSERT INTO `pokemon_t` (`pokemon_id`,`pokemon_name`,`pokemon_species_id`,`pokemon_height`,`pokemon_weight`,`pokemon_base_exp`) VALUES (26,'raichu',26,8,300,218);
INSERT INTO `pokemon_t` (`pokemon_id`,`pokemon_name`,`pokemon_species_id`,`pokemon_height`,`pokemon_weight`,`pokemon_base_exp`) VALUES (27,'sandshrew',27,6,120,60);
INSERT INTO `pokemon_t` (`pokemon_id`,`pokemon_name`,`pokemon_species_id`,`pokemon_height`,`pokemon_weight`,`pokemon_base_exp`) VALUES (28,'sandslash',28,10,295,158);
INSERT INTO `pokemon_t` (`pokemon_id`,`pokemon_name`,`pokemon_species_id`,`pokemon_height`,`pokemon_weight`,`pokemon_base_exp`) VALUES (29,'nidoran-f',29,4,70,55);
INSERT INTO `pokemon_t` (`pokemon_id`,`pokemon_name`,`pokemon_species_id`,`pokemon_height`,`pokemon_weight`,`pokemon_base_exp`) VALUES (30,'nidorina',30,8,200,128);
INSERT INTO `pokemon_t` (`pokemon_id`,`pokemon_name`,`pokemon_species_id`,`pokemon_height`,`pokemon_weight`,`pokemon_base_exp`) VALUES (31,'nidoqueen',31,13,600,227);
INSERT INTO `pokemon_t` (`pokemon_id`,`pokemon_name`,`pokemon_species_id`,`pokemon_height`,`pokemon_weight`,`pokemon_base_exp`) VALUES (32,'nidoran-m',32,5,90,55);
INSERT INTO `pokemon_t` (`pokemon_id`,`pokemon_name`,`pokemon_species_id`,`pokemon_height`,`pokemon_weight`,`pokemon_base_exp`) VALUES (33,'nidorino',33,9,195,128);
INSERT INTO `pokemon_t` (`pokemon_id`,`pokemon_name`,`pokemon_species_id`,`pokemon_height`,`pokemon_weight`,`pokemon_base_exp`) VALUES (34,'nidoking',34,14,620,227);
INSERT INTO `pokemon_t` (`pokemon_id`,`pokemon_name`,`pokemon_species_id`,`pokemon_height`,`pokemon_weight`,`pokemon_base_exp`) VALUES (35,'clefairy',35,6,75,113);
INSERT INTO `pokemon_t` (`pokemon_id`,`pokemon_name`,`pokemon_species_id`,`pokemon_height`,`pokemon_weight`,`pokemon_base_exp`) VALUES (36,'clefable',36,13,400,217);
INSERT INTO `pokemon_t` (`pokemon_id`,`pokemon_name`,`pokemon_species_id`,`pokemon_height`,`pokemon_weight`,`pokemon_base_exp`) VALUES (37,'vulpix',37,6,99,60);
INSERT INTO `pokemon_t` (`pokemon_id`,`pokemon_name`,`pokemon_species_id`,`pokemon_height`,`pokemon_weight`,`pokemon_base_exp`) VALUES (38,'ninetales',38,11,199,177);
INSERT INTO `pokemon_t` (`pokemon_id`,`pokemon_name`,`pokemon_species_id`,`pokemon_height`,`pokemon_weight`,`pokemon_base_exp`) VALUES (39,'jigglypuff',39,5,55,95);
INSERT INTO `pokemon_t` (`pokemon_id`,`pokemon_name`,`pokemon_species_id`,`pokemon_height`,`pokemon_weight`,`pokemon_base_exp`) VALUES (40,'wigglytuff',40,10,120,196);
INSERT INTO `pokemon_t` (`pokemon_id`,`pokemon_name`,`pokemon_species_id`,`pokemon_height`,`pokemon_weight`,`pokemon_base_exp`) VALUES (41,'zubat',41,8,75,49);
INSERT INTO `pokemon_t` (`pokemon_id`,`pokemon_name`,`pokemon_species_id`,`pokemon_height`,`pokemon_weight`,`pokemon_base_exp`) VALUES (42,'golbat',42,16,550,159);
INSERT INTO `pokemon_t` (`pokemon_id`,`pokemon_name`,`pokemon_species_id`,`pokemon_height`,`pokemon_weight`,`pokemon_base_exp`) VALUES (43,'oddish',43,5,54,64);
INSERT INTO `pokemon_t` (`pokemon_id`,`pokemon_name`,`pokemon_species_id`,`pokemon_height`,`pokemon_weight`,`pokemon_base_exp`) VALUES (44,'gloom',44,8,86,138);
INSERT INTO `pokemon_t` (`pokemon_id`,`pokemon_name`,`pokemon_species_id`,`pokemon_height`,`pokemon_weight`,`pokemon_base_exp`) VALUES (45,'vileplume',45,12,186,221);
INSERT INTO `pokemon_t` (`pokemon_id`,`pokemon_name`,`pokemon_species_id`,`pokemon_height`,`pokemon_weight`,`pokemon_base_exp`) VALUES (46,'paras',46,3,54,57);
INSERT INTO `pokemon_t` (`pokemon_id`,`pokemon_name`,`pokemon_species_id`,`pokemon_height`,`pokemon_weight`,`pokemon_base_exp`) VALUES (47,'parasect',47,10,295,142);
INSERT INTO `pokemon_t` (`pokemon_id`,`pokemon_name`,`pokemon_species_id`,`pokemon_height`,`pokemon_weight`,`pokemon_base_exp`) VALUES (48,'venonat',48,10,300,61);
INSERT INTO `pokemon_t` (`pokemon_id`,`pokemon_name`,`pokemon_species_id`,`pokemon_height`,`pokemon_weight`,`pokemon_base_exp`) VALUES (49,'venomoth',49,15,125,158);
INSERT INTO `pokemon_t` (`pokemon_id`,`pokemon_name`,`pokemon_species_id`,`pokemon_height`,`pokemon_weight`,`pokemon_base_exp`) VALUES (50,'diglett',50,2,8,53);
INSERT INTO `pokemon_t` (`pokemon_id`,`pokemon_name`,`pokemon_species_id`,`pokemon_height`,`pokemon_weight`,`pokemon_base_exp`) VALUES (51,'dugtrio',51,7,333,142);
INSERT INTO `pokemon_t` (`pokemon_id`,`pokemon_name`,`pokemon_species_id`,`pokemon_height`,`pokemon_weight`,`pokemon_base_exp`) VALUES (52,'meowth',52,4,42,58);
INSERT INTO `pokemon_t` (`pokemon_id`,`pokemon_name`,`pokemon_species_id`,`pokemon_height`,`pokemon_weight`,`pokemon_base_exp`) VALUES (53,'persian',53,10,320,154);
INSERT INTO `pokemon_t` (`pokemon_id`,`pokemon_name`,`pokemon_species_id`,`pokemon_height`,`pokemon_weight`,`pokemon_base_exp`) VALUES (54,'psyduck',54,8,196,64);
INSERT INTO `pokemon_t` (`pokemon_id`,`pokemon_name`,`pokemon_species_id`,`pokemon_height`,`pokemon_weight`,`pokemon_base_exp`) VALUES (55,'golduck',55,17,766,175);
INSERT INTO `pokemon_t` (`pokemon_id`,`pokemon_name`,`pokemon_species_id`,`pokemon_height`,`pokemon_weight`,`pokemon_base_exp`) VALUES (56,'mankey',56,5,280,61);
INSERT INTO `pokemon_t` (`pokemon_id`,`pokemon_name`,`pokemon_species_id`,`pokemon_height`,`pokemon_weight`,`pokemon_base_exp`) VALUES (57,'primeape',57,10,320,159);
INSERT INTO `pokemon_t` (`pokemon_id`,`pokemon_name`,`pokemon_species_id`,`pokemon_height`,`pokemon_weight`,`pokemon_base_exp`) VALUES (58,'growlithe',58,7,190,70);
INSERT INTO `pokemon_t` (`pokemon_id`,`pokemon_name`,`pokemon_species_id`,`pokemon_height`,`pokemon_weight`,`pokemon_base_exp`) VALUES (59,'arcanine',59,19,1550,194);
INSERT INTO `pokemon_t` (`pokemon_id`,`pokemon_name`,`pokemon_species_id`,`pokemon_height`,`pokemon_weight`,`pokemon_base_exp`) VALUES (60,'poliwag',60,6,124,60);
INSERT INTO `pokemon_t` (`pokemon_id`,`pokemon_name`,`pokemon_species_id`,`pokemon_height`,`pokemon_weight`,`pokemon_base_exp`) VALUES (61,'poliwhirl',61,10,200,135);
INSERT INTO `pokemon_t` (`pokemon_id`,`pokemon_name`,`pokemon_species_id`,`pokemon_height`,`pokemon_weight`,`pokemon_base_exp`) VALUES (62,'poliwrath',62,13,540,230);
INSERT INTO `pokemon_t` (`pokemon_id`,`pokemon_name`,`pokemon_species_id`,`pokemon_height`,`pokemon_weight`,`pokemon_base_exp`) VALUES (63,'abra',63,9,195,62);
INSERT INTO `pokemon_t` (`pokemon_id`,`pokemon_name`,`pokemon_species_id`,`pokemon_height`,`pokemon_weight`,`pokemon_base_exp`) VALUES (64,'kadabra',64,13,565,140);
INSERT INTO `pokemon_t` (`pokemon_id`,`pokemon_name`,`pokemon_species_id`,`pokemon_height`,`pokemon_weight`,`pokemon_base_exp`) VALUES (65,'alakazam',65,15,480,225);
INSERT INTO `pokemon_t` (`pokemon_id`,`pokemon_name`,`pokemon_species_id`,`pokemon_height`,`pokemon_weight`,`pokemon_base_exp`) VALUES (66,'machop',66,8,195,61);
INSERT INTO `pokemon_t` (`pokemon_id`,`pokemon_name`,`pokemon_species_id`,`pokemon_height`,`pokemon_weight`,`pokemon_base_exp`) VALUES (67,'machoke',67,15,705,142);
INSERT INTO `pokemon_t` (`pokemon_id`,`pokemon_name`,`pokemon_species_id`,`pokemon_height`,`pokemon_weight`,`pokemon_base_exp`) VALUES (68,'machamp',68,16,1300,227);
INSERT INTO `pokemon_t` (`pokemon_id`,`pokemon_name`,`pokemon_species_id`,`pokemon_height`,`pokemon_weight`,`pokemon_base_exp`) VALUES (69,'bellsprout',69,7,40,60);
INSERT INTO `pokemon_t` (`pokemon_id`,`pokemon_name`,`pokemon_species_id`,`pokemon_height`,`pokemon_weight`,`pokemon_base_exp`) VALUES (70,'weepinbell',70,10,64,137);
INSERT INTO `pokemon_t` (`pokemon_id`,`pokemon_name`,`pokemon_species_id`,`pokemon_height`,`pokemon_weight`,`pokemon_base_exp`) VALUES (71,'victreebel',71,17,155,221);
INSERT INTO `pokemon_t` (`pokemon_id`,`pokemon_name`,`pokemon_species_id`,`pokemon_height`,`pokemon_weight`,`pokemon_base_exp`) VALUES (72,'tentacool',72,9,455,67);
INSERT INTO `pokemon_t` (`pokemon_id`,`pokemon_name`,`pokemon_species_id`,`pokemon_height`,`pokemon_weight`,`pokemon_base_exp`) VALUES (73,'tentacruel',73,16,550,180);
INSERT INTO `pokemon_t` (`pokemon_id`,`pokemon_name`,`pokemon_species_id`,`pokemon_height`,`pokemon_weight`,`pokemon_base_exp`) VALUES (74,'geodude',74,4,200,60);
INSERT INTO `pokemon_t` (`pokemon_id`,`pokemon_name`,`pokemon_species_id`,`pokemon_height`,`pokemon_weight`,`pokemon_base_exp`) VALUES (75,'graveler',75,10,1050,137);
INSERT INTO `pokemon_t` (`pokemon_id`,`pokemon_name`,`pokemon_species_id`,`pokemon_height`,`pokemon_weight`,`pokemon_base_exp`) VALUES (76,'golem',76,14,3000,223);
INSERT INTO `pokemon_t` (`pokemon_id`,`pokemon_name`,`pokemon_species_id`,`pokemon_height`,`pokemon_weight`,`pokemon_base_exp`) VALUES (77,'ponyta',77,10,300,82);
INSERT INTO `pokemon_t` (`pokemon_id`,`pokemon_name`,`pokemon_species_id`,`pokemon_height`,`pokemon_weight`,`pokemon_base_exp`) VALUES (78,'rapidash',78,17,950,175);
INSERT INTO `pokemon_t` (`pokemon_id`,`pokemon_name`,`pokemon_species_id`,`pokemon_height`,`pokemon_weight`,`pokemon_base_exp`) VALUES (79,'slowpoke',79,12,360,63);
INSERT INTO `pokemon_t` (`pokemon_id`,`pokemon_name`,`pokemon_species_id`,`pokemon_height`,`pokemon_weight`,`pokemon_base_exp`) VALUES (80,'slowbro',80,16,785,172);
INSERT INTO `pokemon_t` (`pokemon_id`,`pokemon_name`,`pokemon_species_id`,`pokemon_height`,`pokemon_weight`,`pokemon_base_exp`) VALUES (81,'magnemite',81,3,60,65);
INSERT INTO `pokemon_t` (`pokemon_id`,`pokemon_name`,`pokemon_species_id`,`pokemon_height`,`pokemon_weight`,`pokemon_base_exp`) VALUES (82,'magneton',82,10,600,163);
INSERT INTO `pokemon_t` (`pokemon_id`,`pokemon_name`,`pokemon_species_id`,`pokemon_height`,`pokemon_weight`,`pokemon_base_exp`) VALUES (83,'farfetchd',83,8,150,123);
INSERT INTO `pokemon_t` (`pokemon_id`,`pokemon_name`,`pokemon_species_id`,`pokemon_height`,`pokemon_weight`,`pokemon_base_exp`) VALUES (84,'doduo',84,14,392,62);
INSERT INTO `pokemon_t` (`pokemon_id`,`pokemon_name`,`pokemon_species_id`,`pokemon_height`,`pokemon_weight`,`pokemon_base_exp`) VALUES (85,'dodrio',85,18,852,161);
INSERT INTO `pokemon_t` (`pokemon_id`,`pokemon_name`,`pokemon_species_id`,`pokemon_height`,`pokemon_weight`,`pokemon_base_exp`) VALUES (86,'seel',86,11,900,65);
INSERT INTO `pokemon_t` (`pokemon_id`,`pokemon_name`,`pokemon_species_id`,`pokemon_height`,`pokemon_weight`,`pokemon_base_exp`) VALUES (87,'dewgong',87,17,1200,166);
INSERT INTO `pokemon_t` (`pokemon_id`,`pokemon_name`,`pokemon_species_id`,`pokemon_height`,`pokemon_weight`,`pokemon_base_exp`) VALUES (88,'grimer',88,9,300,65);
INSERT INTO `pokemon_t` (`pokemon_id`,`pokemon_name`,`pokemon_species_id`,`pokemon_height`,`pokemon_weight`,`pokemon_base_exp`) VALUES (89,'muk',89,12,300,175);
INSERT INTO `pokemon_t` (`pokemon_id`,`pokemon_name`,`pokemon_species_id`,`pokemon_height`,`pokemon_weight`,`pokemon_base_exp`) VALUES (90,'shellder',90,3,40,61);
INSERT INTO `pokemon_t` (`pokemon_id`,`pokemon_name`,`pokemon_species_id`,`pokemon_height`,`pokemon_weight`,`pokemon_base_exp`) VALUES (91,'cloyster',91,15,1325,184);
INSERT INTO `pokemon_t` (`pokemon_id`,`pokemon_name`,`pokemon_species_id`,`pokemon_height`,`pokemon_weight`,`pokemon_base_exp`) VALUES (92,'gastly',92,13,1,62);
INSERT INTO `pokemon_t` (`pokemon_id`,`pokemon_name`,`pokemon_species_id`,`pokemon_height`,`pokemon_weight`,`pokemon_base_exp`) VALUES (93,'haunter',93,16,1,142);
INSERT INTO `pokemon_t` (`pokemon_id`,`pokemon_name`,`pokemon_species_id`,`pokemon_height`,`pokemon_weight`,`pokemon_base_exp`) VALUES (94,'gengar',94,15,405,225);
INSERT INTO `pokemon_t` (`pokemon_id`,`pokemon_name`,`pokemon_species_id`,`pokemon_height`,`pokemon_weight`,`pokemon_base_exp`) VALUES (95,'onix',95,88,2100,77);
INSERT INTO `pokemon_t` (`pokemon_id`,`pokemon_name`,`pokemon_species_id`,`pokemon_height`,`pokemon_weight`,`pokemon_base_exp`) VALUES (96,'drowzee',96,10,324,66);
INSERT INTO `pokemon_t` (`pokemon_id`,`pokemon_name`,`pokemon_species_id`,`pokemon_height`,`pokemon_weight`,`pokemon_base_exp`) VALUES (97,'hypno',97,16,756,169);
INSERT INTO `pokemon_t` (`pokemon_id`,`pokemon_name`,`pokemon_species_id`,`pokemon_height`,`pokemon_weight`,`pokemon_base_exp`) VALUES (98,'krabby',98,4,65,65);
INSERT INTO `pokemon_t` (`pokemon_id`,`pokemon_name`,`pokemon_species_id`,`pokemon_height`,`pokemon_weight`,`pokemon_base_exp`) VALUES (99,'kingler',99,13,600,166);
INSERT INTO `pokemon_t` (`pokemon_id`,`pokemon_name`,`pokemon_species_id`,`pokemon_height`,`pokemon_weight`,`pokemon_base_exp`) VALUES (100,'voltorb',100,5,104,66);
INSERT INTO `pokemon_t` (`pokemon_id`,`pokemon_name`,`pokemon_species_id`,`pokemon_height`,`pokemon_weight`,`pokemon_base_exp`) VALUES (101,'electrode',101,12,666,168);
INSERT INTO `pokemon_t` (`pokemon_id`,`pokemon_name`,`pokemon_species_id`,`pokemon_height`,`pokemon_weight`,`pokemon_base_exp`) VALUES (102,'exeggcute',102,4,25,65);
INSERT INTO `pokemon_t` (`pokemon_id`,`pokemon_name`,`pokemon_species_id`,`pokemon_height`,`pokemon_weight`,`pokemon_base_exp`) VALUES (103,'exeggutor',103,20,1200,182);
INSERT INTO `pokemon_t` (`pokemon_id`,`pokemon_name`,`pokemon_species_id`,`pokemon_height`,`pokemon_weight`,`pokemon_base_exp`) VALUES (104,'cubone',104,4,65,64);
INSERT INTO `pokemon_t` (`pokemon_id`,`pokemon_name`,`pokemon_species_id`,`pokemon_height`,`pokemon_weight`,`pokemon_base_exp`) VALUES (105,'marowak',105,10,450,149);
INSERT INTO `pokemon_t` (`pokemon_id`,`pokemon_name`,`pokemon_species_id`,`pokemon_height`,`pokemon_weight`,`pokemon_base_exp`) VALUES (106,'hitmonlee',106,15,498,159);
INSERT INTO `pokemon_t` (`pokemon_id`,`pokemon_name`,`pokemon_species_id`,`pokemon_height`,`pokemon_weight`,`pokemon_base_exp`) VALUES (107,'hitmonchan',107,14,502,159);
INSERT INTO `pokemon_t` (`pokemon_id`,`pokemon_name`,`pokemon_species_id`,`pokemon_height`,`pokemon_weight`,`pokemon_base_exp`) VALUES (108,'lickitung',108,12,655,77);
INSERT INTO `pokemon_t` (`pokemon_id`,`pokemon_name`,`pokemon_species_id`,`pokemon_height`,`pokemon_weight`,`pokemon_base_exp`) VALUES (109,'koffing',109,6,10,68);
INSERT INTO `pokemon_t` (`pokemon_id`,`pokemon_name`,`pokemon_species_id`,`pokemon_height`,`pokemon_weight`,`pokemon_base_exp`) VALUES (110,'weezing',110,12,95,172);
INSERT INTO `pokemon_t` (`pokemon_id`,`pokemon_name`,`pokemon_species_id`,`pokemon_height`,`pokemon_weight`,`pokemon_base_exp`) VALUES (111,'rhyhorn',111,10,1150,69);
INSERT INTO `pokemon_t` (`pokemon_id`,`pokemon_name`,`pokemon_species_id`,`pokemon_height`,`pokemon_weight`,`pokemon_base_exp`) VALUES (112,'rhydon',112,19,1200,170);
INSERT INTO `pokemon_t` (`pokemon_id`,`pokemon_name`,`pokemon_species_id`,`pokemon_height`,`pokemon_weight`,`pokemon_base_exp`) VALUES (113,'chansey',113,11,346,395);
INSERT INTO `pokemon_t` (`pokemon_id`,`pokemon_name`,`pokemon_species_id`,`pokemon_height`,`pokemon_weight`,`pokemon_base_exp`) VALUES (114,'tangela',114,10,350,87);
INSERT INTO `pokemon_t` (`pokemon_id`,`pokemon_name`,`pokemon_species_id`,`pokemon_height`,`pokemon_weight`,`pokemon_base_exp`) VALUES (115,'kangaskhan',115,22,800,172);
INSERT INTO `pokemon_t` (`pokemon_id`,`pokemon_name`,`pokemon_species_id`,`pokemon_height`,`pokemon_weight`,`pokemon_base_exp`) VALUES (116,'horsea',116,4,80,59);
INSERT INTO `pokemon_t` (`pokemon_id`,`pokemon_name`,`pokemon_species_id`,`pokemon_height`,`pokemon_weight`,`pokemon_base_exp`) VALUES (117,'seadra',117,12,250,154);
INSERT INTO `pokemon_t` (`pokemon_id`,`pokemon_name`,`pokemon_species_id`,`pokemon_height`,`pokemon_weight`,`pokemon_base_exp`) VALUES (118,'goldeen',118,6,150,64);
INSERT INTO `pokemon_t` (`pokemon_id`,`pokemon_name`,`pokemon_species_id`,`pokemon_height`,`pokemon_weight`,`pokemon_base_exp`) VALUES (119,'seaking',119,13,390,158);
INSERT INTO `pokemon_t` (`pokemon_id`,`pokemon_name`,`pokemon_species_id`,`pokemon_height`,`pokemon_weight`,`pokemon_base_exp`) VALUES (120,'staryu',120,8,345,68);
INSERT INTO `pokemon_t` (`pokemon_id`,`pokemon_name`,`pokemon_species_id`,`pokemon_height`,`pokemon_weight`,`pokemon_base_exp`) VALUES (121,'starmie',121,11,800,182);
INSERT INTO `pokemon_t` (`pokemon_id`,`pokemon_name`,`pokemon_species_id`,`pokemon_height`,`pokemon_weight`,`pokemon_base_exp`) VALUES (122,'mr-mime',122,13,545,161);
INSERT INTO `pokemon_t` (`pokemon_id`,`pokemon_name`,`pokemon_species_id`,`pokemon_height`,`pokemon_weight`,`pokemon_base_exp`) VALUES (123,'scyther',123,15,560,100);
INSERT INTO `pokemon_t` (`pokemon_id`,`pokemon_name`,`pokemon_species_id`,`pokemon_height`,`pokemon_weight`,`pokemon_base_exp`) VALUES (124,'jynx',124,14,406,159);
INSERT INTO `pokemon_t` (`pokemon_id`,`pokemon_name`,`pokemon_species_id`,`pokemon_height`,`pokemon_weight`,`pokemon_base_exp`) VALUES (125,'electabuzz',125,11,300,172);
INSERT INTO `pokemon_t` (`pokemon_id`,`pokemon_name`,`pokemon_species_id`,`pokemon_height`,`pokemon_weight`,`pokemon_base_exp`) VALUES (126,'magmar',126,13,445,173);
INSERT INTO `pokemon_t` (`pokemon_id`,`pokemon_name`,`pokemon_species_id`,`pokemon_height`,`pokemon_weight`,`pokemon_base_exp`) VALUES (127,'pinsir',127,15,550,175);
INSERT INTO `pokemon_t` (`pokemon_id`,`pokemon_name`,`pokemon_species_id`,`pokemon_height`,`pokemon_weight`,`pokemon_base_exp`) VALUES (128,'tauros',128,14,884,172);
INSERT INTO `pokemon_t` (`pokemon_id`,`pokemon_name`,`pokemon_species_id`,`pokemon_height`,`pokemon_weight`,`pokemon_base_exp`) VALUES (129,'magikarp',129,9,100,40);
INSERT INTO `pokemon_t` (`pokemon_id`,`pokemon_name`,`pokemon_species_id`,`pokemon_height`,`pokemon_weight`,`pokemon_base_exp`) VALUES (130,'gyarados',130,65,2350,189);
INSERT INTO `pokemon_t` (`pokemon_id`,`pokemon_name`,`pokemon_species_id`,`pokemon_height`,`pokemon_weight`,`pokemon_base_exp`) VALUES (131,'lapras',131,25,2200,187);
INSERT INTO `pokemon_t` (`pokemon_id`,`pokemon_name`,`pokemon_species_id`,`pokemon_height`,`pokemon_weight`,`pokemon_base_exp`) VALUES (132,'ditto',132,3,40,101);
INSERT INTO `pokemon_t` (`pokemon_id`,`pokemon_name`,`pokemon_species_id`,`pokemon_height`,`pokemon_weight`,`pokemon_base_exp`) VALUES (133,'eevee',133,3,65,65);
INSERT INTO `pokemon_t` (`pokemon_id`,`pokemon_name`,`pokemon_species_id`,`pokemon_height`,`pokemon_weight`,`pokemon_base_exp`) VALUES (134,'vaporeon',134,10,290,184);
INSERT INTO `pokemon_t` (`pokemon_id`,`pokemon_name`,`pokemon_species_id`,`pokemon_height`,`pokemon_weight`,`pokemon_base_exp`) VALUES (135,'jolteon',135,8,245,184);
INSERT INTO `pokemon_t` (`pokemon_id`,`pokemon_name`,`pokemon_species_id`,`pokemon_height`,`pokemon_weight`,`pokemon_base_exp`) VALUES (136,'flareon',136,9,250,184);
INSERT INTO `pokemon_t` (`pokemon_id`,`pokemon_name`,`pokemon_species_id`,`pokemon_height`,`pokemon_weight`,`pokemon_base_exp`) VALUES (137,'porygon',137,8,365,79);
INSERT INTO `pokemon_t` (`pokemon_id`,`pokemon_name`,`pokemon_species_id`,`pokemon_height`,`pokemon_weight`,`pokemon_base_exp`) VALUES (138,'omanyte',138,4,75,71);
INSERT INTO `pokemon_t` (`pokemon_id`,`pokemon_name`,`pokemon_species_id`,`pokemon_height`,`pokemon_weight`,`pokemon_base_exp`) VALUES (139,'omastar',139,10,350,173);
INSERT INTO `pokemon_t` (`pokemon_id`,`pokemon_name`,`pokemon_species_id`,`pokemon_height`,`pokemon_weight`,`pokemon_base_exp`) VALUES (140,'kabuto',140,5,115,71);
INSERT INTO `pokemon_t` (`pokemon_id`,`pokemon_name`,`pokemon_species_id`,`pokemon_height`,`pokemon_weight`,`pokemon_base_exp`) VALUES (141,'kabutops',141,13,405,173);
INSERT INTO `pokemon_t` (`pokemon_id`,`pokemon_name`,`pokemon_species_id`,`pokemon_height`,`pokemon_weight`,`pokemon_base_exp`) VALUES (142,'aerodactyl',142,18,590,180);
INSERT INTO `pokemon_t` (`pokemon_id`,`pokemon_name`,`pokemon_species_id`,`pokemon_height`,`pokemon_weight`,`pokemon_base_exp`) VALUES (143,'snorlax',143,21,4600,189);
INSERT INTO `pokemon_t` (`pokemon_id`,`pokemon_name`,`pokemon_species_id`,`pokemon_height`,`pokemon_weight`,`pokemon_base_exp`) VALUES (144,'articuno',144,17,554,261);
INSERT INTO `pokemon_t` (`pokemon_id`,`pokemon_name`,`pokemon_species_id`,`pokemon_height`,`pokemon_weight`,`pokemon_base_exp`) VALUES (145,'zapdos',145,16,526,261);
INSERT INTO `pokemon_t` (`pokemon_id`,`pokemon_name`,`pokemon_species_id`,`pokemon_height`,`pokemon_weight`,`pokemon_base_exp`) VALUES (146,'moltres',146,20,600,261);
INSERT INTO `pokemon_t` (`pokemon_id`,`pokemon_name`,`pokemon_species_id`,`pokemon_height`,`pokemon_weight`,`pokemon_base_exp`) VALUES (147,'dratini',147,18,33,60);
INSERT INTO `pokemon_t` (`pokemon_id`,`pokemon_name`,`pokemon_species_id`,`pokemon_height`,`pokemon_weight`,`pokemon_base_exp`) VALUES (148,'dragonair',148,40,165,147);
INSERT INTO `pokemon_t` (`pokemon_id`,`pokemon_name`,`pokemon_species_id`,`pokemon_height`,`pokemon_weight`,`pokemon_base_exp`) VALUES (149,'dragonite',149,22,2100,270);
INSERT INTO `pokemon_t` (`pokemon_id`,`pokemon_name`,`pokemon_species_id`,`pokemon_height`,`pokemon_weight`,`pokemon_base_exp`) VALUES (150,'mewtwo',150,20,1220,306);
INSERT INTO `pokemon_t` (`pokemon_id`,`pokemon_name`,`pokemon_species_id`,`pokemon_height`,`pokemon_weight`,`pokemon_base_exp`) VALUES (151,'mew',151,4,40,270);

/*types*/
INSERT INTO `type_t` (`type_id`,`type_name`,`type_generation`,`type_damage_class_id`, `type_hexcolor`) VALUES (1,'normal',1,2,'#a8a878');
INSERT INTO `type_t` (`type_id`,`type_name`,`type_generation`,`type_damage_class_id`, `type_hexcolor`) VALUES (2,'fighting',1,2,'#c03028');
INSERT INTO `type_t` (`type_id`,`type_name`,`type_generation`,`type_damage_class_id`, `type_hexcolor`) VALUES (3,'flying',1,2,'#a890f0');
INSERT INTO `type_t` (`type_id`,`type_name`,`type_generation`,`type_damage_class_id`, `type_hexcolor`) VALUES (4,'poison',1,2,'#a040a0');
INSERT INTO `type_t` (`type_id`,`type_name`,`type_generation`,`type_damage_class_id`, `type_hexcolor`) VALUES (5,'ground',1,2,'#e0c068');
INSERT INTO `type_t` (`type_id`,`type_name`,`type_generation`,`type_damage_class_id`, `type_hexcolor`) VALUES (6,'rock',1,2,'#b8a038');
INSERT INTO `type_t` (`type_id`,`type_name`,`type_generation`,`type_damage_class_id`, `type_hexcolor`) VALUES (7,'bug',1,2,'#a8b820');
INSERT INTO `type_t` (`type_id`,`type_name`,`type_generation`,`type_damage_class_id`, `type_hexcolor`) VALUES (8,'ghost',1,2,'#705898');
INSERT INTO `type_t` (`type_id`,`type_name`,`type_generation`,`type_damage_class_id`, `type_hexcolor`) VALUES (9,'steel',2,2,'#b8b8d0');
INSERT INTO `type_t` (`type_id`,`type_name`,`type_generation`,`type_damage_class_id`, `type_hexcolor`) VALUES (10,'fire',1,3,'#f08030');
INSERT INTO `type_t` (`type_id`,`type_name`,`type_generation`,`type_damage_class_id`, `type_hexcolor`) VALUES (11,'water',1,3,'#6890f0');
INSERT INTO `type_t` (`type_id`,`type_name`,`type_generation`,`type_damage_class_id`, `type_hexcolor`) VALUES (12,'grass',1,3,'#78c850');
INSERT INTO `type_t` (`type_id`,`type_name`,`type_generation`,`type_damage_class_id`, `type_hexcolor`) VALUES (13,'electric',1,3,'#f8d030');
INSERT INTO `type_t` (`type_id`,`type_name`,`type_generation`,`type_damage_class_id`, `type_hexcolor`) VALUES (14,'psychic',1,3,'#f85888');
INSERT INTO `type_t` (`type_id`,`type_name`,`type_generation`,`type_damage_class_id`, `type_hexcolor`) VALUES (15,'ice',1,3,'#98d8d8');
INSERT INTO `type_t` (`type_id`,`type_name`,`type_generation`,`type_damage_class_id`, `type_hexcolor`) VALUES (16,'dragon',1,3,'#7038f8');
INSERT INTO `type_t` (`type_id`,`type_name`,`type_generation`,`type_damage_class_id`, `type_hexcolor`) VALUES (17,'dark',2,3,'#705848');
INSERT INTO `type_t` (`type_id`,`type_name`,`type_generation`,`type_damage_class_id`, `type_hexcolor`) VALUES (18,'fairy',6,0,'#ffaec9');
INSERT INTO `type_t` (`type_id`,`type_name`,`type_generation`,`type_damage_class_id`, `type_hexcolor`) VALUES (10001,'unknown',2,0,'');
INSERT INTO `type_t` (`type_id`,`type_name`,`type_generation`,`type_damage_class_id`, `type_hexcolor`) VALUES (10002,'shadow',3,0,'');

/*pokemon_types*/
INSERT INTO `pokemon_type_t` (`pokemon_id`,`type_id`) VALUES (1,12);
INSERT INTO `pokemon_type_t` (`pokemon_id`,`type_id`) VALUES (1,4);
INSERT INTO `pokemon_type_t` (`pokemon_id`,`type_id`) VALUES (2,12);
INSERT INTO `pokemon_type_t` (`pokemon_id`,`type_id`) VALUES (2,4);
INSERT INTO `pokemon_type_t` (`pokemon_id`,`type_id`) VALUES (3,12);
INSERT INTO `pokemon_type_t` (`pokemon_id`,`type_id`) VALUES (3,4);
INSERT INTO `pokemon_type_t` (`pokemon_id`,`type_id`) VALUES (4,10);
INSERT INTO `pokemon_type_t` (`pokemon_id`,`type_id`) VALUES (5,10);
INSERT INTO `pokemon_type_t` (`pokemon_id`,`type_id`) VALUES (6,10);
INSERT INTO `pokemon_type_t` (`pokemon_id`,`type_id`) VALUES (6,3);
INSERT INTO `pokemon_type_t` (`pokemon_id`,`type_id`) VALUES (7,11);
INSERT INTO `pokemon_type_t` (`pokemon_id`,`type_id`) VALUES (8,11);
INSERT INTO `pokemon_type_t` (`pokemon_id`,`type_id`) VALUES (9,11);
INSERT INTO `pokemon_type_t` (`pokemon_id`,`type_id`) VALUES (10,7);
INSERT INTO `pokemon_type_t` (`pokemon_id`,`type_id`) VALUES (11,7);
INSERT INTO `pokemon_type_t` (`pokemon_id`,`type_id`) VALUES (12,7);
INSERT INTO `pokemon_type_t` (`pokemon_id`,`type_id`) VALUES (12,3);
INSERT INTO `pokemon_type_t` (`pokemon_id`,`type_id`) VALUES (13,7);
INSERT INTO `pokemon_type_t` (`pokemon_id`,`type_id`) VALUES (13,4);
INSERT INTO `pokemon_type_t` (`pokemon_id`,`type_id`) VALUES (14,7);
INSERT INTO `pokemon_type_t` (`pokemon_id`,`type_id`) VALUES (14,4);
INSERT INTO `pokemon_type_t` (`pokemon_id`,`type_id`) VALUES (15,7);
INSERT INTO `pokemon_type_t` (`pokemon_id`,`type_id`) VALUES (15,4);
INSERT INTO `pokemon_type_t` (`pokemon_id`,`type_id`) VALUES (16,1);
INSERT INTO `pokemon_type_t` (`pokemon_id`,`type_id`) VALUES (16,3);
INSERT INTO `pokemon_type_t` (`pokemon_id`,`type_id`) VALUES (17,1);
INSERT INTO `pokemon_type_t` (`pokemon_id`,`type_id`) VALUES (17,3);
INSERT INTO `pokemon_type_t` (`pokemon_id`,`type_id`) VALUES (18,1);
INSERT INTO `pokemon_type_t` (`pokemon_id`,`type_id`) VALUES (18,3);
INSERT INTO `pokemon_type_t` (`pokemon_id`,`type_id`) VALUES (19,1);
INSERT INTO `pokemon_type_t` (`pokemon_id`,`type_id`) VALUES (20,1);
INSERT INTO `pokemon_type_t` (`pokemon_id`,`type_id`) VALUES (21,1);
INSERT INTO `pokemon_type_t` (`pokemon_id`,`type_id`) VALUES (21,3);
INSERT INTO `pokemon_type_t` (`pokemon_id`,`type_id`) VALUES (22,1);
INSERT INTO `pokemon_type_t` (`pokemon_id`,`type_id`) VALUES (22,3);
INSERT INTO `pokemon_type_t` (`pokemon_id`,`type_id`) VALUES (23,4);
INSERT INTO `pokemon_type_t` (`pokemon_id`,`type_id`) VALUES (24,4);
INSERT INTO `pokemon_type_t` (`pokemon_id`,`type_id`) VALUES (25,13);
INSERT INTO `pokemon_type_t` (`pokemon_id`,`type_id`) VALUES (26,13);
INSERT INTO `pokemon_type_t` (`pokemon_id`,`type_id`) VALUES (27,5);
INSERT INTO `pokemon_type_t` (`pokemon_id`,`type_id`) VALUES (28,5);
INSERT INTO `pokemon_type_t` (`pokemon_id`,`type_id`) VALUES (29,4);
INSERT INTO `pokemon_type_t` (`pokemon_id`,`type_id`) VALUES (30,4);
INSERT INTO `pokemon_type_t` (`pokemon_id`,`type_id`) VALUES (31,4);
INSERT INTO `pokemon_type_t` (`pokemon_id`,`type_id`) VALUES (31,5);
INSERT INTO `pokemon_type_t` (`pokemon_id`,`type_id`) VALUES (32,4);
INSERT INTO `pokemon_type_t` (`pokemon_id`,`type_id`) VALUES (33,4);
INSERT INTO `pokemon_type_t` (`pokemon_id`,`type_id`) VALUES (34,4);
INSERT INTO `pokemon_type_t` (`pokemon_id`,`type_id`) VALUES (34,5);
INSERT INTO `pokemon_type_t` (`pokemon_id`,`type_id`) VALUES (35,18);
INSERT INTO `pokemon_type_t` (`pokemon_id`,`type_id`) VALUES (36,18);
INSERT INTO `pokemon_type_t` (`pokemon_id`,`type_id`) VALUES (37,10);
INSERT INTO `pokemon_type_t` (`pokemon_id`,`type_id`) VALUES (38,10);
INSERT INTO `pokemon_type_t` (`pokemon_id`,`type_id`) VALUES (39,1);
INSERT INTO `pokemon_type_t` (`pokemon_id`,`type_id`) VALUES (39,18);
INSERT INTO `pokemon_type_t` (`pokemon_id`,`type_id`) VALUES (40,1);
INSERT INTO `pokemon_type_t` (`pokemon_id`,`type_id`) VALUES (40,18);
INSERT INTO `pokemon_type_t` (`pokemon_id`,`type_id`) VALUES (41,4);
INSERT INTO `pokemon_type_t` (`pokemon_id`,`type_id`) VALUES (41,3);
INSERT INTO `pokemon_type_t` (`pokemon_id`,`type_id`) VALUES (42,4);
INSERT INTO `pokemon_type_t` (`pokemon_id`,`type_id`) VALUES (42,3);
INSERT INTO `pokemon_type_t` (`pokemon_id`,`type_id`) VALUES (43,12);
INSERT INTO `pokemon_type_t` (`pokemon_id`,`type_id`) VALUES (43,4);
INSERT INTO `pokemon_type_t` (`pokemon_id`,`type_id`) VALUES (44,12);
INSERT INTO `pokemon_type_t` (`pokemon_id`,`type_id`) VALUES (44,4);
INSERT INTO `pokemon_type_t` (`pokemon_id`,`type_id`) VALUES (45,12);
INSERT INTO `pokemon_type_t` (`pokemon_id`,`type_id`) VALUES (45,4);
INSERT INTO `pokemon_type_t` (`pokemon_id`,`type_id`) VALUES (46,7);
INSERT INTO `pokemon_type_t` (`pokemon_id`,`type_id`) VALUES (46,12);
INSERT INTO `pokemon_type_t` (`pokemon_id`,`type_id`) VALUES (47,7);
INSERT INTO `pokemon_type_t` (`pokemon_id`,`type_id`) VALUES (47,12);
INSERT INTO `pokemon_type_t` (`pokemon_id`,`type_id`) VALUES (48,7);
INSERT INTO `pokemon_type_t` (`pokemon_id`,`type_id`) VALUES (48,4);
INSERT INTO `pokemon_type_t` (`pokemon_id`,`type_id`) VALUES (49,7);
INSERT INTO `pokemon_type_t` (`pokemon_id`,`type_id`) VALUES (49,4);
INSERT INTO `pokemon_type_t` (`pokemon_id`,`type_id`) VALUES (50,5);
INSERT INTO `pokemon_type_t` (`pokemon_id`,`type_id`) VALUES (51,5);
INSERT INTO `pokemon_type_t` (`pokemon_id`,`type_id`) VALUES (52,1);
INSERT INTO `pokemon_type_t` (`pokemon_id`,`type_id`) VALUES (53,1);
INSERT INTO `pokemon_type_t` (`pokemon_id`,`type_id`) VALUES (54,11);
INSERT INTO `pokemon_type_t` (`pokemon_id`,`type_id`) VALUES (55,11);
INSERT INTO `pokemon_type_t` (`pokemon_id`,`type_id`) VALUES (56,2);
INSERT INTO `pokemon_type_t` (`pokemon_id`,`type_id`) VALUES (57,2);
INSERT INTO `pokemon_type_t` (`pokemon_id`,`type_id`) VALUES (58,10);
INSERT INTO `pokemon_type_t` (`pokemon_id`,`type_id`) VALUES (59,10);
INSERT INTO `pokemon_type_t` (`pokemon_id`,`type_id`) VALUES (60,11);
INSERT INTO `pokemon_type_t` (`pokemon_id`,`type_id`) VALUES (61,11);
INSERT INTO `pokemon_type_t` (`pokemon_id`,`type_id`) VALUES (62,11);
INSERT INTO `pokemon_type_t` (`pokemon_id`,`type_id`) VALUES (62,2);
INSERT INTO `pokemon_type_t` (`pokemon_id`,`type_id`) VALUES (63,14);
INSERT INTO `pokemon_type_t` (`pokemon_id`,`type_id`) VALUES (64,14);
INSERT INTO `pokemon_type_t` (`pokemon_id`,`type_id`) VALUES (65,14);
INSERT INTO `pokemon_type_t` (`pokemon_id`,`type_id`) VALUES (66,2);
INSERT INTO `pokemon_type_t` (`pokemon_id`,`type_id`) VALUES (67,2);
INSERT INTO `pokemon_type_t` (`pokemon_id`,`type_id`) VALUES (68,2);
INSERT INTO `pokemon_type_t` (`pokemon_id`,`type_id`) VALUES (69,12);
INSERT INTO `pokemon_type_t` (`pokemon_id`,`type_id`) VALUES (69,4);
INSERT INTO `pokemon_type_t` (`pokemon_id`,`type_id`) VALUES (70,12);
INSERT INTO `pokemon_type_t` (`pokemon_id`,`type_id`) VALUES (70,4);
INSERT INTO `pokemon_type_t` (`pokemon_id`,`type_id`) VALUES (71,12);
INSERT INTO `pokemon_type_t` (`pokemon_id`,`type_id`) VALUES (71,4);
INSERT INTO `pokemon_type_t` (`pokemon_id`,`type_id`) VALUES (72,11);
INSERT INTO `pokemon_type_t` (`pokemon_id`,`type_id`) VALUES (72,4);
INSERT INTO `pokemon_type_t` (`pokemon_id`,`type_id`) VALUES (73,11);
INSERT INTO `pokemon_type_t` (`pokemon_id`,`type_id`) VALUES (73,4);
INSERT INTO `pokemon_type_t` (`pokemon_id`,`type_id`) VALUES (74,6);
INSERT INTO `pokemon_type_t` (`pokemon_id`,`type_id`) VALUES (74,5);
INSERT INTO `pokemon_type_t` (`pokemon_id`,`type_id`) VALUES (75,6);
INSERT INTO `pokemon_type_t` (`pokemon_id`,`type_id`) VALUES (75,5);
INSERT INTO `pokemon_type_t` (`pokemon_id`,`type_id`) VALUES (76,6);
INSERT INTO `pokemon_type_t` (`pokemon_id`,`type_id`) VALUES (76,5);
INSERT INTO `pokemon_type_t` (`pokemon_id`,`type_id`) VALUES (77,10);
INSERT INTO `pokemon_type_t` (`pokemon_id`,`type_id`) VALUES (78,10);
INSERT INTO `pokemon_type_t` (`pokemon_id`,`type_id`) VALUES (79,11);
INSERT INTO `pokemon_type_t` (`pokemon_id`,`type_id`) VALUES (79,14);
INSERT INTO `pokemon_type_t` (`pokemon_id`,`type_id`) VALUES (80,11);
INSERT INTO `pokemon_type_t` (`pokemon_id`,`type_id`) VALUES (80,14);
INSERT INTO `pokemon_type_t` (`pokemon_id`,`type_id`) VALUES (81,13);
INSERT INTO `pokemon_type_t` (`pokemon_id`,`type_id`) VALUES (81,9);
INSERT INTO `pokemon_type_t` (`pokemon_id`,`type_id`) VALUES (82,13);
INSERT INTO `pokemon_type_t` (`pokemon_id`,`type_id`) VALUES (82,9);
INSERT INTO `pokemon_type_t` (`pokemon_id`,`type_id`) VALUES (83,1);
INSERT INTO `pokemon_type_t` (`pokemon_id`,`type_id`) VALUES (83,3);
INSERT INTO `pokemon_type_t` (`pokemon_id`,`type_id`) VALUES (84,1);
INSERT INTO `pokemon_type_t` (`pokemon_id`,`type_id`) VALUES (84,3);
INSERT INTO `pokemon_type_t` (`pokemon_id`,`type_id`) VALUES (85,1);
INSERT INTO `pokemon_type_t` (`pokemon_id`,`type_id`) VALUES (85,3);
INSERT INTO `pokemon_type_t` (`pokemon_id`,`type_id`) VALUES (86,11);
INSERT INTO `pokemon_type_t` (`pokemon_id`,`type_id`) VALUES (87,11);
INSERT INTO `pokemon_type_t` (`pokemon_id`,`type_id`) VALUES (87,15);
INSERT INTO `pokemon_type_t` (`pokemon_id`,`type_id`) VALUES (88,4);
INSERT INTO `pokemon_type_t` (`pokemon_id`,`type_id`) VALUES (89,4);
INSERT INTO `pokemon_type_t` (`pokemon_id`,`type_id`) VALUES (90,11);
INSERT INTO `pokemon_type_t` (`pokemon_id`,`type_id`) VALUES (91,11);
INSERT INTO `pokemon_type_t` (`pokemon_id`,`type_id`) VALUES (91,15);
INSERT INTO `pokemon_type_t` (`pokemon_id`,`type_id`) VALUES (92,8);
INSERT INTO `pokemon_type_t` (`pokemon_id`,`type_id`) VALUES (92,4);
INSERT INTO `pokemon_type_t` (`pokemon_id`,`type_id`) VALUES (93,8);
INSERT INTO `pokemon_type_t` (`pokemon_id`,`type_id`) VALUES (93,4);
INSERT INTO `pokemon_type_t` (`pokemon_id`,`type_id`) VALUES (94,8);
INSERT INTO `pokemon_type_t` (`pokemon_id`,`type_id`) VALUES (94,4);
INSERT INTO `pokemon_type_t` (`pokemon_id`,`type_id`) VALUES (95,6);
INSERT INTO `pokemon_type_t` (`pokemon_id`,`type_id`) VALUES (95,5);
INSERT INTO `pokemon_type_t` (`pokemon_id`,`type_id`) VALUES (96,14);
INSERT INTO `pokemon_type_t` (`pokemon_id`,`type_id`) VALUES (97,14);
INSERT INTO `pokemon_type_t` (`pokemon_id`,`type_id`) VALUES (98,11);
INSERT INTO `pokemon_type_t` (`pokemon_id`,`type_id`) VALUES (99,11);
INSERT INTO `pokemon_type_t` (`pokemon_id`,`type_id`) VALUES (100,13);
INSERT INTO `pokemon_type_t` (`pokemon_id`,`type_id`) VALUES (101,13);
INSERT INTO `pokemon_type_t` (`pokemon_id`,`type_id`) VALUES (102,12);
INSERT INTO `pokemon_type_t` (`pokemon_id`,`type_id`) VALUES (102,14);
INSERT INTO `pokemon_type_t` (`pokemon_id`,`type_id`) VALUES (103,12);
INSERT INTO `pokemon_type_t` (`pokemon_id`,`type_id`) VALUES (103,14);
INSERT INTO `pokemon_type_t` (`pokemon_id`,`type_id`) VALUES (104,5);
INSERT INTO `pokemon_type_t` (`pokemon_id`,`type_id`) VALUES (105,5);
INSERT INTO `pokemon_type_t` (`pokemon_id`,`type_id`) VALUES (106,2);
INSERT INTO `pokemon_type_t` (`pokemon_id`,`type_id`) VALUES (107,2);
INSERT INTO `pokemon_type_t` (`pokemon_id`,`type_id`) VALUES (108,1);
INSERT INTO `pokemon_type_t` (`pokemon_id`,`type_id`) VALUES (109,4);
INSERT INTO `pokemon_type_t` (`pokemon_id`,`type_id`) VALUES (110,4);
INSERT INTO `pokemon_type_t` (`pokemon_id`,`type_id`) VALUES (111,5);
INSERT INTO `pokemon_type_t` (`pokemon_id`,`type_id`) VALUES (111,6);
INSERT INTO `pokemon_type_t` (`pokemon_id`,`type_id`) VALUES (112,5);
INSERT INTO `pokemon_type_t` (`pokemon_id`,`type_id`) VALUES (112,6);
INSERT INTO `pokemon_type_t` (`pokemon_id`,`type_id`) VALUES (113,1);
INSERT INTO `pokemon_type_t` (`pokemon_id`,`type_id`) VALUES (114,12);
INSERT INTO `pokemon_type_t` (`pokemon_id`,`type_id`) VALUES (115,1);
INSERT INTO `pokemon_type_t` (`pokemon_id`,`type_id`) VALUES (116,11);
INSERT INTO `pokemon_type_t` (`pokemon_id`,`type_id`) VALUES (117,11);
INSERT INTO `pokemon_type_t` (`pokemon_id`,`type_id`) VALUES (118,11);
INSERT INTO `pokemon_type_t` (`pokemon_id`,`type_id`) VALUES (119,11);
INSERT INTO `pokemon_type_t` (`pokemon_id`,`type_id`) VALUES (120,11);
INSERT INTO `pokemon_type_t` (`pokemon_id`,`type_id`) VALUES (121,11);
INSERT INTO `pokemon_type_t` (`pokemon_id`,`type_id`) VALUES (121,14);
INSERT INTO `pokemon_type_t` (`pokemon_id`,`type_id`) VALUES (122,14);
INSERT INTO `pokemon_type_t` (`pokemon_id`,`type_id`) VALUES (122,18);
INSERT INTO `pokemon_type_t` (`pokemon_id`,`type_id`) VALUES (123,7);
INSERT INTO `pokemon_type_t` (`pokemon_id`,`type_id`) VALUES (123,3);
INSERT INTO `pokemon_type_t` (`pokemon_id`,`type_id`) VALUES (124,15);
INSERT INTO `pokemon_type_t` (`pokemon_id`,`type_id`) VALUES (124,14);
INSERT INTO `pokemon_type_t` (`pokemon_id`,`type_id`) VALUES (125,13);
INSERT INTO `pokemon_type_t` (`pokemon_id`,`type_id`) VALUES (126,10);
INSERT INTO `pokemon_type_t` (`pokemon_id`,`type_id`) VALUES (127,7);
INSERT INTO `pokemon_type_t` (`pokemon_id`,`type_id`) VALUES (128,1);
INSERT INTO `pokemon_type_t` (`pokemon_id`,`type_id`) VALUES (129,11);
INSERT INTO `pokemon_type_t` (`pokemon_id`,`type_id`) VALUES (130,11);
INSERT INTO `pokemon_type_t` (`pokemon_id`,`type_id`) VALUES (130,3);
INSERT INTO `pokemon_type_t` (`pokemon_id`,`type_id`) VALUES (131,11);
INSERT INTO `pokemon_type_t` (`pokemon_id`,`type_id`) VALUES (131,15);
INSERT INTO `pokemon_type_t` (`pokemon_id`,`type_id`) VALUES (132,1);
INSERT INTO `pokemon_type_t` (`pokemon_id`,`type_id`) VALUES (133,1);
INSERT INTO `pokemon_type_t` (`pokemon_id`,`type_id`) VALUES (134,11);
INSERT INTO `pokemon_type_t` (`pokemon_id`,`type_id`) VALUES (135,13);
INSERT INTO `pokemon_type_t` (`pokemon_id`,`type_id`) VALUES (136,10);
INSERT INTO `pokemon_type_t` (`pokemon_id`,`type_id`) VALUES (137,1);
INSERT INTO `pokemon_type_t` (`pokemon_id`,`type_id`) VALUES (138,6);
INSERT INTO `pokemon_type_t` (`pokemon_id`,`type_id`) VALUES (138,11);
INSERT INTO `pokemon_type_t` (`pokemon_id`,`type_id`) VALUES (139,6);
INSERT INTO `pokemon_type_t` (`pokemon_id`,`type_id`) VALUES (139,11);
INSERT INTO `pokemon_type_t` (`pokemon_id`,`type_id`) VALUES (140,6);
INSERT INTO `pokemon_type_t` (`pokemon_id`,`type_id`) VALUES (140,11);
INSERT INTO `pokemon_type_t` (`pokemon_id`,`type_id`) VALUES (141,6);
INSERT INTO `pokemon_type_t` (`pokemon_id`,`type_id`) VALUES (141,11);
INSERT INTO `pokemon_type_t` (`pokemon_id`,`type_id`) VALUES (142,6);
INSERT INTO `pokemon_type_t` (`pokemon_id`,`type_id`) VALUES (142,3);
INSERT INTO `pokemon_type_t` (`pokemon_id`,`type_id`) VALUES (143,1);
INSERT INTO `pokemon_type_t` (`pokemon_id`,`type_id`) VALUES (144,15);
INSERT INTO `pokemon_type_t` (`pokemon_id`,`type_id`) VALUES (144,3);
INSERT INTO `pokemon_type_t` (`pokemon_id`,`type_id`) VALUES (145,13);
INSERT INTO `pokemon_type_t` (`pokemon_id`,`type_id`) VALUES (145,3);
INSERT INTO `pokemon_type_t` (`pokemon_id`,`type_id`) VALUES (146,10);
INSERT INTO `pokemon_type_t` (`pokemon_id`,`type_id`) VALUES (146,3);
INSERT INTO `pokemon_type_t` (`pokemon_id`,`type_id`) VALUES (147,16);
INSERT INTO `pokemon_type_t` (`pokemon_id`,`type_id`) VALUES (148,16);
INSERT INTO `pokemon_type_t` (`pokemon_id`,`type_id`) VALUES (149,16);
INSERT INTO `pokemon_type_t` (`pokemon_id`,`type_id`) VALUES (149,3);
INSERT INTO `pokemon_type_t` (`pokemon_id`,`type_id`) VALUES (150,14);
INSERT INTO `pokemon_type_t` (`pokemon_id`,`type_id`) VALUES (151,14);